event_date,turbine_id,min_power_output_mw,max_power_output_mw,avg_power_output_mw,stddev_power_output_mw,observed_reading_count,fleet_mean_power_mw,fleet_stddev_power_mw,z_score,is_anomaly
2022-03-01,1,1.6,4.4,2.975,0.9208927615422274,24,2.997777777777778,0.17003199589968243,-0.13396171501284088,False
2022-03-01,2,1.6,4.4,2.983333333333333,0.9805351984311009,24,2.997777777777778,0.17003199589968243,-0.08495133147156043,False
2022-03-01,3,1.6,4.5,2.766666666666667,0.8854704800356095,24,2.997777777777778,0.17003199589968243,-1.3592213035449199,False
2022-03-01,4,1.5,4.4,3.0208333333333335,0.8454374564411157,24,2.997777777777778,0.17003199589968243,0.13559539446421723,False
2022-03-01,5,1.7,4.5,3.079166666666667,0.7655513311200695,24,2.997777777777778,0.17003199589968243,0.4786680792532012,False
2022-03-01,6,1.5,4.5,2.908333333333333,0.9739728889480431,24,2.997777777777778,0.17003199589968243,-0.5260447833431079,False
2022-03-01,7,1.6,4.5,3.0875,0.9345133585943564,24,2.997777777777778,0.17003199589968243,0.5276784627944817,False
2022-03-01,8,1.6,4.4,3.016666666666667,0.8555022255792293,24,2.997777777777778,0.17003199589968243,0.11109020269357701,False
2022-03-01,9,1.5,4.3,2.720833333333333,0.8722679916604542,24,2.997777777777778,0.17003199589968243,-1.6287784130219807,False
2022-03-01,10,1.5,4.5,3.125,0.9501716092141049,24,2.997777777777778,0.17003199589968243,0.7482251887302568,False
2022-03-01,11,1.5,4.4,2.7375000000000003,0.8771557295674716,24,2.997777777777778,0.17003199589968243,-1.5307576459394119,False
2022-03-01,12,1.6,4.5,3.158333333333333,1.0099146182880434,24,2.997777777777778,0.17003199589968243,0.9442667228953889,False
2022-03-01,13,1.8,4.3,3.033333333333333,0.7960045153174679,24,2.997777777777778,0.17003199589968243,0.20911096977614052,False
2022-03-01,14,1.6,4.5,2.983333333333333,0.8544851827482042,24,2.997777777777778,0.17003199589968243,-0.08495133147156043,False
2022-03-01,15,2.0,4.5,3.3708333333333336,0.8970866695886318,24,2.997777777777778,0.17003199589968243,2.1940315031981132,True
2022-03-02,1,1.9,4.5,3.2375000000000003,0.8090856352805872,24,3.023611111111111,0.22470586300255901,0.9518616293801538,False
2022-03-02,2,1.6,4.2,2.466666666666667,0.7545033878776428,24,3.023611111111111,0.22470586300255901,-2.4785487881911714,True
2022-03-02,3,1.6,4.4,2.9791666666666665,0.8428621872326856,24,3.023611111111111,0.22470586300255901,-0.19778942948158917,False
2022-03-02,4,1.5,4.2,3.108333333333333,0.9273227788811639,24,3.023611111111111,0.22470586300255901,0.3770360999492804,False
2022-03-02,5,1.9,4.4,3.25,0.7972779778176764,24,3.023611111111111,0.22470586300255901,1.0074899064218499,False
2022-03-02,6,1.5,4.5,3.0541666666666667,1.0129505617648427,24,3.023611111111111,0.22470586300255901,0.13598023276859453,False
2022-03-02,7,1.6,4.3,3.0208333333333335,1.0082180434749248,24,3.023611111111111,0.22470586300255901,-0.012361839342597348,False
2022-03-02,8,1.7,4.4,2.845833333333333,0.9587034571965303,24,3.023611111111111,0.22470586300255901,-0.7911577179263587,False
2022-03-02,9,1.6,4.3,2.7375000000000003,0.939848507681586,24,3.023611111111111,0.22470586300255901,-1.2732694522877324,False
2022-03-02,10,2.0,4.3,3.1666666666666665,0.7504587968683566,24,3.023611111111111,0.22470586300255901,0.6366347261438682,False
2022-03-02,11,1.8,4.5,3.233333333333333,0.7405442573549871,24,3.023611111111111,0.22470586300255901,0.9333188703662519,False
2022-03-02,12,1.6,4.4,2.983333333333333,0.8671124828827078,24,3.023611111111111,0.22470586300255901,-0.1792466704676912,False
2022-03-02,13,1.8,4.5,3.341666666666667,0.8667363405661326,24,3.023611111111111,0.22470586300255901,1.4154306047276295,False
2022-03-02,14,1.8,4.4,2.9333333333333336,0.752772652709081,24,3.023611111111111,0.22470586300255901,-0.40175977863447704,False
2022-03-02,15,1.8,3.9,2.9958333333333336,0.6906072732002623,24,3.023611111111111,0.22470586300255901,-0.12361839342599126,False
2022-03-03,1,1.6,4.4,2.9250000000000003,0.8321005374038801,24,3.027222222222222,0.1513240723339311,-0.6755185784099512,False
2022-03-03,2,1.5,4.5,3.158333333333333,0.9868336129815122,24,3.027222222222222,0.1513240723339311,0.8664260027432026,False
2022-03-03,3,1.8,4.4,3.2541666666666664,0.6691845567662876,24,3.027222222222222,0.1513240723339311,1.4997246700025337,False
2022-03-03,4,1.8,4.3,3.0500000000000003,0.7604346583140575,24,3.027222222222222,0.1513240723339311,0.15052316149352538,False
2022-03-03,5,1.6,4.3,2.9416666666666664,0.758096395537887,24,3.027222222222222,0.1513240723339311,-0.5653796797561577,False
2022-03-03,6,1.5,4.3,3.1833333333333336,0.9220330403712395,24,3.027222222222222,0.1513240723339311,1.0316343507239003,False
2022-03-03,7,1.9,4.4,3.1999999999999997,0.744253346299673,24,3.027222222222222,0.1513240723339311,1.1417732493776938,False
2022-03-03,8,1.6,4.5,3.0666666666666664,0.9332815720636632,24,3.027222222222222,0.1513240723339311,0.26066206014731896,False
2022-03-03,9,1.6,4.4,2.975,0.9056585401266571,24,3.027222222222222,0.1513240723339311,-0.34510188244856177,False
2022-03-03,10,1.6,4.4,3.141666666666667,0.9282600210429547,24,3.027222222222222,0.1513240723339311,0.756287104089409,False
2022-03-03,11,1.6,4.5,3.0541666666666667,0.8397614395543052,24,3.027222222222222,0.1513240723339311,0.17805788615697304,False
2022-03-03,12,1.7,4.2,2.670833333333333,0.7357215722568273,24,3.027222222222222,0.1513240723339311,-2.3551367828803578,True
2022-03-03,13,1.6,4.4,2.9458333333333333,0.9193472006605115,24,3.027222222222222,0.1513240723339311,-0.537844955092707,False
2022-03-03,14,1.6,4.3,2.8708333333333336,0.7720549466065936,24,3.027222222222222,0.1513240723339311,-1.0334699990347913,False
2022-03-03,15,1.6,4.4,2.970833333333333,0.919583632939938,24,3.027222222222222,0.1513240723339311,-0.37263660711201235,False
2022-03-04,1,1.5,4.4,2.9875000000000003,1.0318040343095154,24,2.964722222222222,0.1657778881547783,0.13739937232468413,False
2022-03-04,2,1.7,4.4,3.0083333333333333,0.7638100530246047,24,2.964722222222222,0.1657778881547783,0.26306952993872024,False
2022-03-04,3,1.6,4.2,2.8791666666666664,0.8592105409171773,24,2.964722222222222,0.1657778881547783,-0.5160854472683158,False
2022-03-04,4,1.5,4.5,2.9499999999999997,0.9833394743114559,24,2.964722222222222,0.1657778881547783,-0.08880691138058726,False
2022-03-04,5,1.5,4.3,3.0416666666666665,0.9324659530638039,24,2.964722222222222,0.1657778881547783,0.4641417821211801,False
2022-03-04,6,1.8,4.5,3.1666666666666665,0.8726106092423578,24,2.964722222222222,0.1657778881547783,1.2181627278054075,False
2022-03-04,7,1.5,4.3,3.0083333333333333,0.7862495823827835,24,2.964722222222222,0.1657778881547783,0.26306952993872024,False
2022-03-04,8,1.5,4.1,2.529166666666667,0.696250308979194,24,2.964722222222222,0.1657778881547783,-2.6273440951841502,True
2022-03-04,9,1.8,4.5,2.970833333333333,0.938305209762083,24,2.964722222222222,0.1657778881547783,0.03686324623345152,False
2022-03-04,10,1.6,4.4,2.9499999999999997,0.8871056993048407,24,2.964722222222222,0.1657778881547783,-0.08880691138058726,False
2022-03-04,11,1.5,4.3,3.033333333333333,0.8711145617599013,24,2.964722222222222,0.1657778881547783,0.41387371907556514,False
2022-03-04,12,1.6,4.2,2.733333333333333,0.8057762482965359,24,2.964722222222222,0.1657778881547783,-1.3957765505665818,False
2022-03-04,13,1.6,4.5,3.1999999999999997,0.9217186215930023,24,2.964722222222222,0.1657778881547783,1.4192349799878672,False
2022-03-04,14,1.5,4.4,2.908333333333333,0.849509662491644,24,2.964722222222222,0.1657778881547783,-0.3401472266086621,False
2022-03-04,15,1.6,4.2,3.1041666666666665,0.8829196460886322,24,2.964722222222222,0.1657778881547783,0.8411522549632937,False
2022-03-05,1,1.6,4.3,3.2458333333333336,0.7150428182172436,24,2.937222222222222,0.22052689130434808,1.399426207324524,False
2022-03-05,2,1.6,4.5,3.1041666666666665,0.9697508271028524,24,2.937222222222222,0.22052689130434808,0.7570253380756414,False
2022-03-05,3,1.6,4.5,2.620833333333333,0.8214404986081603,24,2.937222222222222,0.22052689130434808,-1.4346952746558346,False
2022-03-05,4,1.7,4.5,2.8375,0.7394548520774407,24,2.937222222222222,0.22052689130434808,-0.45219982756931043,False
2022-03-05,5,1.6,4.4,3.0041666666666664,0.9317954462344128,24,2.937222222222222,0.22052689130434808,0.303565900958784,False
2022-03-05,6,1.6,4.4,3.091666666666667,0.8355766905539559,24,2.937222222222222,0.22052689130434808,0.7003429084360355,False
2022-03-05,7,1.7,4.5,2.704166666666667,0.8834119461874322,24,2.937222222222222,0.22052689130434808,-1.0568124103917844,False
2022-03-05,8,1.6,3.9,2.6333333333333333,0.7727233976497426,24,2.937222222222222,0.22052689130434808,-1.3780128450162268,False
2022-03-05,9,1.5,4.5,3.091666666666667,0.8118238546719927,24,2.937222222222222,0.22052689130434808,0.7003429084360355,False
2022-03-05,10,1.6,4.3,2.720833333333333,0.8875854725120803,24,2.937222222222222,0.22052689130434808,-0.9812358375389771,False
2022-03-05,11,1.7,4.4,2.8375,0.770551750371122,24,2.937222222222222,0.22052689130434808,-0.45219982756931043,False
2022-03-05,12,1.6,4.5,3.283333333333333,0.7393691004272944,24,2.937222222222222,0.22052689130434808,1.5694734962433439,False
2022-03-05,13,1.7,4.5,2.904166666666667,0.8099807655615718,24,2.937222222222222,0.22052689130434808,-0.14989353615807147,False
2022-03-05,14,1.5,4.3,2.8083333333333336,0.791210776439264,24,2.937222222222222,0.22052689130434808,-0.5844588300617256,False
2022-03-05,15,1.6,4.5,3.170833333333333,0.8755019264332923,24,2.937222222222222,0.22052689130434808,1.0593316294868784,False
2022-03-06,1,1.5,4.4,2.9583333333333335,0.9245053514866944,24,3.006666666666667,0.1353804896730951,-0.3570184555399705,False
2022-03-06,2,1.7,4.3,3.1374999999999997,0.8381203088900263,24,3.006666666666667,0.1353804896730951,0.9664120262030204,False
2022-03-06,3,1.7,4.4,3.3000000000000003,0.8048764420434492,24,3.006666666666667,0.1353804896730951,2.166732695690856,True
2022-03-06,4,1.6,4.5,3.216666666666667,0.9411679454004346,24,3.006666666666667,0.1353804896730951,1.5511836344150438,False
2022-03-06,5,1.5,4.4,3.0083333333333333,0.87671157652092,24,3.006666666666667,0.1353804896730951,0.012310981225514868,False
2022-03-06,6,1.6,4.1,2.966666666666667,0.7642368553102452,24,3.006666666666667,0.1353804896730951,-0.2954635494123896,False
2022-03-06,7,1.6,4.4,2.920833333333333,0.855152753538254,24,3.006666666666667,0.1353804896730951,-0.6340155331140894,False
2022-03-06,8,1.5,4.4,2.920833333333333,0.9064882870135463,24,3.006666666666667,0.1353804896730951,-0.6340155331140894,False
2022-03-06,9,1.6,4.4,3.0583333333333336,0.8732332058986636,24,3.006666666666667,0.1353804896730951,0.3816404179910035,False
2022-03-06,10,1.6,4.5,2.766666666666667,0.8463048410933088,24,3.006666666666667,0.1353804896730951,-1.7727812964743344,False
2022-03-06,11,1.5,4.5,2.9375,0.9020809276334358,24,3.006666666666667,0.1353804896730951,-0.5109057208589244,False
2022-03-06,12,1.7,4.2,2.9499999999999997,0.8875956776351053,24,3.006666666666667,0.1353804896730951,-0.41857336166755466,False
2022-03-06,13,1.6,4.1,2.9166666666666665,0.8180925145231683,24,3.006666666666667,0.1353804896730951,-0.6647929861778783,False
2022-03-06,14,1.7,4.5,2.9375,0.9011164572713213,24,3.006666666666667,0.1353804896730951,-0.5109057208589244,False
2022-03-06,15,1.5,4.5,3.1041666666666665,0.9630021746630675,24,3.006666666666667,0.1353804896730951,0.7201924016926968,False
2022-03-07,1,1.9,4.3,3.283333333333333,0.7556550090839226,24,2.995833333333333,0.14311237121105497,2.008910882875454,True
2022-03-07,2,1.7,4.4,3.0,0.7790741439292735,24,2.995833333333333,0.14311237121105497,0.02911465047645729,False
2022-03-07,3,1.5,4.3,2.8083333333333336,0.9088533945327062,24,2.995833333333333,0.14311237121105497,-1.3101592714405097,False
2022-03-07,4,1.5,4.4,2.9791666666666665,0.9820029074014636,24,2.995833333333333,0.14311237121105497,-0.11645860190582295,False
2022-03-07,5,1.6,4.2,2.9125,0.9502002077365637,24,2.995833333333333,0.14311237121105497,-0.5822930095291148,False
2022-03-07,6,1.9,4.4,3.0083333333333333,0.7683503880656141,24,2.995833333333333,0.14311237121105497,0.08734395142936877,False
2022-03-07,7,1.6,4.5,3.266666666666667,0.9318829310065986,24,2.995833333333333,0.14311237121105497,1.8924522809696338,False
2022-03-07,8,1.5,4.4,2.9375,1.02821605748479,24,2.995833333333333,0.14311237121105497,-0.4076051066703803,False
2022-03-07,9,1.7,4.4,3.045833333333333,0.8166629695272717,24,2.995833333333333,0.14311237121105497,0.34937580571746885,False
2022-03-07,10,1.7,4.3,2.841666666666667,0.8123592408730783,24,2.995833333333333,0.14311237121105497,-1.0772420676288639,False
2022-03-07,11,1.5,4.5,2.8041666666666667,0.9800085033644691,24,2.995833333333333,0.14311237121105497,-1.339273921916967,False
2022-03-07,12,1.6,4.3,3.0,0.8880853856324361,24,2.995833333333333,0.14311237121105497,0.02911465047645729,False
2022-03-07,13,1.7,4.4,2.904166666666667,0.8599692444787055,24,2.995833333333333,0.14311237121105497,-0.6405223104820262,False
2022-03-07,14,1.8,4.4,3.1,0.7604346583140574,24,2.995833333333333,0.14311237121105497,0.7278662619113981,False
2022-03-07,15,1.5,4.4,3.045833333333334,0.9541575690978231,24,2.995833333333333,0.14311237121105497,0.34937580571747506,False
2022-03-08,1,1.7,4.5,3.2916666666666665,0.8314035626926138,24,3.0730555555555554,0.22177956905151858,0.9857134813907431,False
2022-03-08,2,1.6,4.4,3.079166666666667,1.0064916106549724,24,3.0730555555555554,0.22177956905151858,0.02755488766276768,False
2022-03-08,3,1.7,4.4,3.3833333333333333,0.8478446672062903,24,3.0730555555555554,0.22177956905151858,1.3990367963322243,False
2022-03-08,4,1.5,4.5,2.8541666666666665,1.0168062389345534,24,3.0730555555555554,0.22177956905151858,-0.9869659762845054,False
2022-03-08,5,2.1,4.5,3.279166666666667,0.7661190545842739,24,3.0730555555555554,0.22177956905151858,0.9293512111714515,False
2022-03-08,6,1.5,4.5,2.9,0.9188840112260941,24,3.0730555555555554,0.22177956905151858,-0.7803043188137648,False
2022-03-08,7,1.8,4.4,2.9583333333333335,0.8360968670043518,24,3.0730555555555554,0.22177956905151858,-0.5172803911237306,False
2022-03-08,8,1.5,4.4,3.1999999999999997,0.9155658739627736,24,3.0730555555555554,0.22177956905151858,0.572390166449262,False
2022-03-08,9,1.6,4.4,3.0500000000000003,0.9136643851522571,24,3.0730555555555554,0.22177956905151858,-0.10395707618224942,False
2022-03-08,10,1.5,4.3,3.045833333333333,1.000860137328265,24,3.0730555555555554,0.22177956905151858,-0.1227444995886833,False
2022-03-08,11,1.7,4.3,2.5791666666666666,0.780177887556347,24,3.0730555555555554,0.22177956905151858,-2.226935921108947,True
2022-03-08,12,1.7,4.2,3.3708333333333336,0.8405376988502096,24,3.0730555555555554,0.22177956905151858,1.3426745261129327,False
2022-03-08,13,1.5,4.5,3.0749999999999997,0.895034611912712,24,3.0730555555555554,0.22177956905151858,0.008767464256333806,False
2022-03-08,14,1.5,4.4,3.1791666666666667,0.9103172722913061,24,3.0730555555555554,0.22177956905151858,0.4784530494171086,False
2022-03-08,15,1.5,4.4,2.85,0.8225094158308676,24,3.0730555555555554,0.22177956905151858,-1.0057533996909354,False
2022-03-09,1,1.5,4.5,2.8375,1.0064196116842163,24,2.934166666666667,0.12430561097808458,-0.7776532845625909,False
2022-03-09,2,1.5,4.4,2.9625,0.8463797585316971,24,2.934166666666667,0.12430561097808458,0.22793285926834084,False
2022-03-09,3,1.5,4.4,3.0,0.987751068798735,24,2.934166666666667,0.12430561097808458,0.529608702417621,False
2022-03-09,4,1.8,4.4,2.8666666666666667,0.7263168949460407,24,2.934166666666667,0.12430561097808458,-0.5430165176687058,False
2022-03-09,5,1.7,4.4,3.0666666666666664,0.8962077916404774,24,2.934166666666667,0.12430561097808458,1.0659213124607827,False
2022-03-09,6,1.5,4.5,2.816666666666667,0.9787599371106042,24,2.934166666666667,0.12430561097808458,-0.945250975201077,False
2022-03-09,7,1.5,4.1,2.85,0.8632597472976182,24,2.934166666666667,0.12430561097808458,-0.6770946701794962,False
2022-03-09,8,1.5,4.4,2.841666666666667,0.9398966949093124,24,2.934166666666667,0.12430561097808458,-0.7441337464348914,False
2022-03-09,9,1.6,4.5,3.1125000000000003,0.9312509118758301,24,2.934166666666667,0.12430561097808458,1.4346362318654617,False
2022-03-09,10,1.7,4.3,2.8874999999999997,0.7164601994467694,24,2.934166666666667,0.12430561097808458,-0.37541882703021956,False
2022-03-09,11,1.6,4.4,2.704166666666667,0.9688537228250115,24,2.934166666666667,0.12430561097808458,-1.850278504648914,False
2022-03-09,12,1.6,4.2,2.8958333333333335,0.7321672217326518,24,2.934166666666667,0.12430561097808458,-0.3083797507748208,False
2022-03-09,13,1.5,4.5,3.0041666666666664,0.9949783334615738,24,2.934166666666667,0.12430561097808458,0.5631282405453168,False
2022-03-09,14,1.9,4.3,3.1625,0.7716794220625445,24,2.934166666666667,0.12430561097808458,1.8368706893978328,False
2022-03-09,15,1.5,4.5,3.0041666666666664,0.8829196460886319,24,2.934166666666667,0.12430561097808458,0.5631282405453168,False
2022-03-10,1,1.7,4.3,3.1208333333333336,0.8054052000278394,24,2.999166666666667,0.1887471748973903,0.6446012595039313,False
2022-03-10,2,1.6,4.5,2.8166666666666664,0.9229756540510775,24,2.999166666666667,0.1887471748973903,-0.9669018892559005,False
2022-03-10,3,1.7,4.5,3.1875,0.7725240955859369,24,2.999166666666667,0.1887471748973903,0.9978074290951255,False
2022-03-10,4,1.9,4.4,3.1875,0.7164601994467692,24,2.999166666666667,0.1887471748973903,0.9978074290951255,False
2022-03-10,5,1.5,4.4,2.829166666666667,0.8650102621490616,24,2.999166666666667,0.1887471748973903,-0.9006757324575481,False
2022-03-10,6,1.5,4.4,2.6791666666666667,0.8402790254312612,24,2.999166666666667,0.1887471748973903,-1.6953896140377398,False
2022-03-10,7,1.7,4.3,3.025,0.8378284560332924,24,2.999166666666667,0.1887471748973903,0.1368673907165861,False
2022-03-10,8,1.6,4.4,3.2458333333333336,0.8905197147277766,24,2.999166666666667,0.1887471748973903,1.3068628274874228,False
2022-03-10,9,1.5,4.3,2.9875000000000003,0.8012558078199603,24,2.999166666666667,0.1887471748973903,-0.06181107967845946,False
2022-03-10,10,1.5,4.5,3.0375,0.7137241581402743,24,2.999166666666667,0.1887471748973903,0.2030935475149362,False
2022-03-10,11,1.6,4.1,2.8083333333333336,0.7204567794215644,24,2.999166666666667,0.1887471748973903,-1.0110526604547974,False
2022-03-10,12,1.6,4.5,3.341666666666667,0.9230934130819927,24,2.999166666666667,0.1887471748973903,1.8145966962747657,False
2022-03-10,13,1.5,4.0,2.8958333333333335,0.7480288105743492,24,2.999166666666667,0.1887471748973903,-0.5474695628663538,False
2022-03-10,14,1.6,4.1,2.858333333333333,0.8037502676538423,24,2.999166666666667,0.1887471748973903,-0.7461480332614041,False
2022-03-10,15,1.5,4.0,2.966666666666667,0.8519372637989697,24,2.999166666666667,0.1887471748973903,-0.17218800767570883,False
2022-03-11,1,1.5,4.4,2.575,0.779771426932835,24,2.974166666666667,0.20735006057160335,-1.925085845484112,False
2022-03-11,2,1.6,4.4,3.0749999999999997,0.9478809317997515,24,2.974166666666667,0.20735006057160335,0.48629517182374926,False
2022-03-11,3,1.6,4.4,3.0250000000000004,0.803389558438928,24,2.974166666666667,0.20735006057160335,0.2451570700929659,False
2022-03-11,4,1.5,4.3,2.4791666666666665,0.7300858595527245,24,2.974166666666667,0.20735006057160335,-2.3872672071347876,True
2022-03-11,5,1.5,4.4,2.975,0.8362701872522759,24,2.974166666666667,0.20735006057160335,0.004018968362178259,False
2022-03-11,6,1.6,4.2,3.0583333333333336,0.7569484886653476,24,2.974166666666667,0.20735006057160335,0.4059158045801562,False
2022-03-11,7,1.6,4.5,3.1791666666666667,0.946379447141058,24,2.974166666666667,0.20735006057160335,0.9886662170962223,False
2022-03-11,8,1.7,4.4,3.225,0.8872282192556085,24,2.974166666666667,0.20735006057160335,1.20970947701611,False
2022-03-11,9,1.6,4.4,3.154166666666667,0.8059448501288878,24,2.974166666666667,0.20735006057160335,0.8680971662308294,False
2022-03-11,10,1.8,4.4,3.0708333333333333,0.8482612224128104,24,2.974166666666667,0.20735006057160335,0.4662003300128515,False
2022-03-11,11,1.6,4.1,2.891666666666667,0.7552233569220299,24,2.974166666666667,0.20735006057160335,-0.39787786785579754,False
2022-03-11,12,1.6,4.4,2.904166666666667,0.7948087911521573,24,2.974166666666667,0.20735006057160335,-0.33759334242310224,False
2022-03-11,13,1.5,4.5,3.1041666666666665,0.9415432136595779,24,2.974166666666667,0.20735006057160335,0.6269590645000418,False
2022-03-11,14,1.6,4.4,2.9250000000000003,1.033882509513659,24,2.974166666666667,0.20735006057160335,-0.23711913336860724,False
2022-03-11,15,1.7,4.0,2.970833333333333,0.7357215722568273,24,2.974166666666667,0.20735006057160335,-0.016075873448721602,False
2022-03-12,1,1.6,4.2,2.8208333333333333,0.9357532035590446,24,2.9858333333333333,0.14442173966854469,-1.1424872763524627,False
2022-03-12,2,1.6,4.5,3.0208333333333335,0.9141302193730466,24,2.9858333333333333,0.14442173966854469,0.24234578589294756,False
2022-03-12,3,1.6,4.3,3.0708333333333333,0.7624212955342066,24,2.9858333333333333,0.14442173966854469,0.5885540514542986,False
2022-03-12,4,1.5,4.5,2.891666666666667,0.9319995645952829,24,2.9858333333333333,0.14442173966854469,-0.6520255668072108,False
2022-03-12,5,1.5,4.1,2.875,0.8162746767026935,24,2.9858333333333333,0.14442173966854469,-0.7674283219943309,False
2022-03-12,6,1.5,4.4,3.0208333333333335,0.9390000077171211,24,2.9858333333333333,0.14442173966854469,0.24234578589294756,False
2022-03-12,7,1.6,4.4,2.908333333333333,0.9412834284919837,24,2.9858333333333333,0.14442173966854469,-0.5366228116200968,False
2022-03-12,8,1.8,4.2,3.1166666666666667,0.7738479047656233,24,2.9858333333333333,0.14442173966854469,0.905911628218872,False
2022-03-12,9,1.5,4.5,3.095833333333333,1.0280750973528645,24,2.9858333333333333,0.14442173966854469,0.7616581842349741,False
2022-03-12,10,1.6,4.5,2.9333333333333336,0.8333623183365017,24,2.9858333333333333,0.14442173966854469,-0.3635186788394183,False
2022-03-12,11,2.0,4.5,3.225,0.6847722566505311,24,2.9858333333333333,0.14442173966854469,1.6560295369351354,False
2022-03-12,12,1.6,4.2,2.6374999999999997,0.8565920849505908,24,2.9858333333333333,0.14442173966854469,-2.411917583410756,True
2022-03-12,13,1.6,4.5,3.0375,0.9981776874145073,24,2.9858333333333333,0.14442173966854469,0.3577485410800646,False
2022-03-12,14,1.6,4.2,3.095833333333333,0.845180282629054,24,2.9858333333333333,0.14442173966854469,0.7616581842349741,False
2022-03-12,15,1.5,4.4,3.0375,0.8515012318406162,24,2.9858333333333333,0.14442173966854469,0.3577485410800646,False
2022-03-13,1,1.5,4.5,2.904166666666667,0.9424663143174872,24,2.9844444444444442,0.12314563688412952,-0.6518929927928555,False
2022-03-13,2,2.0,4.3,3.0375,0.6716705325885794,24,2.9844444444444442,0.12314563688412952,0.4308358533682928,False
2022-03-13,3,1.6,4.4,2.9791666666666665,0.9188741535949999,24,2.9844444444444442,0.12314563688412952,-0.04285801682721162,False
2022-03-13,4,1.5,4.5,2.920833333333333,1.1092414825756685,24,2.9844444444444442,0.12314563688412952,-0.516551887022716,False
2022-03-13,5,1.5,4.5,2.983333333333333,0.9635381658769149,24,2.9844444444444442,0.12314563688412952,-0.009022740384677649,False
2022-03-13,6,1.5,4.2,2.908333333333333,0.8958438657958527,24,2.9844444444444442,0.12314563688412952,-0.6180577163503216,False
2022-03-13,7,1.6,4.5,2.725,0.8724029782856884,24,2.9844444444444442,0.12314563688412952,-2.106809879821899,True
2022-03-13,8,1.5,4.5,3.095833333333333,1.0157366856093926,24,2.9844444444444442,0.12314563688412952,0.9045297235637936,False
2022-03-13,9,1.6,4.5,3.220833333333333,0.9231228504925274,24,2.9844444444444442,0.12314563688412952,1.9195880168398705,False
2022-03-13,10,1.6,4.4,2.845833333333333,0.7740234614277399,24,2.9844444444444442,0.12314563688412952,-1.1255868629883599,False
2022-03-13,11,1.5,4.5,3.0041666666666664,1.0006429092758606,24,2.9844444444444442,0.12314563688412952,0.160153641828003,False
2022-03-13,12,1.7,4.5,2.891666666666667,0.8510436900176398,24,2.9844444444444442,0.12314563688412952,-0.753398822120461,False
2022-03-13,13,1.6,4.3,3.0875,0.8818520530555343,24,2.9844444444444442,0.12314563688412952,0.8368591706787221,False
2022-03-13,14,1.6,4.4,3.0833333333333335,0.8825194500463687,24,2.9844444444444442,0.12314563688412952,0.8030238942361881,False
2022-03-13,15,1.6,4.4,3.079166666666667,0.8080998467509077,24,2.9844444444444442,0.12314563688412952,0.7691886177936541,False
2022-03-14,1,1.6,4.3,3.025,0.9147344589741783,24,2.9733333333333336,0.19707559382769768,0.2621667435483576,False
2022-03-14,2,1.5,4.1,3.016666666666667,0.8111541249927499,24,2.9733333333333336,0.19707559382769768,0.21988178491152785,False
2022-03-14,3,1.6,3.9,2.8083333333333336,0.7288565593160089,24,2.9733333333333336,0.19707559382769768,-0.837242181009277,False
2022-03-14,4,1.6,4.5,2.8541666666666665,0.9784544896957635,24,2.9733333333333336,0.19707559382769768,-0.6046749085067021,False
2022-03-14,5,1.6,4.5,2.9916666666666667,0.9352593998070997,24,2.9733333333333336,0.19707559382769768,0.09302690900102954,False
2022-03-14,6,1.7,4.4,3.2416666666666667,0.7131782304626223,24,2.9733333333333336,0.19707559382769768,1.3615756681059945,False
2022-03-14,7,1.6,4.5,3.1208333333333336,1.010802163874194,24,2.9733333333333336,0.19707559382769768,0.7484437678719292,False
2022-03-14,8,1.8,4.5,2.9375,0.8218814576535856,24,2.9733333333333336,0.19707559382769768,-0.1818253221383797,False
2022-03-14,9,1.5,4.3,2.6833333333333336,0.8138297368489986,24,2.9733333333333336,0.19707559382769768,-1.4715165605617597,False
2022-03-14,10,1.5,4.5,3.0583333333333336,1.038358515059756,24,2.9733333333333336,0.19707559382769768,0.43130657809568795,False
2022-03-14,11,1.8,4.2,3.1291666666666664,0.7641301770877996,24,2.9733333333333336,0.19707559382769768,0.7907287265087589,False
2022-03-14,12,1.8,4.4,3.016666666666667,0.9058585486404195,24,2.9733333333333336,0.19707559382769768,0.21988178491152785,False
2022-03-14,13,1.6,4.4,3.329166666666667,0.7601368107219205,24,2.9733333333333336,0.19707559382769768,1.805567733792734,False
2022-03-14,14,1.7,4.5,2.725,0.8598533747604626,24,2.9733333333333336,0.19707559382769768,-1.2600917673775995,False
2022-03-14,15,1.6,4.1,2.6625,0.8020693345286953,24,2.9733333333333336,0.19707559382769768,-1.5772289571538407,False
2022-03-15,1,1.6,4.4,3.0124999999999997,0.8897056181437328,24,3.0769444444444445,0.16618879905462017,-0.3877785074026813,False
2022-03-15,2,1.5,4.5,3.1125000000000003,0.8573531056840507,24,3.0769444444444445,0.16618879905462017,0.21394676270492802,False
2022-03-15,3,1.7,4.5,3.033333333333333,1.0037610432189814,24,3.0769444444444445,0.16618879905462017,-0.2624190761302625,False
2022-03-15,4,1.5,4.5,3.045833333333333,0.8717693984408784,24,3.0769444444444445,0.16618879905462017,-0.18720341736681334,False
2022-03-15,5,1.5,4.5,2.8874999999999997,0.9515719260438398,24,3.0769444444444445,0.16618879905462017,-1.139935095037189,False
2022-03-15,6,1.9,4.5,3.170833333333334,0.7018479747852414,24,3.0769444444444445,0.16618879905462017,0.5649531702676996,False
2022-03-15,7,1.5,4.4,3.0749999999999997,0.9358790334318807,24,3.0769444444444445,0.16618879905462017,-0.011700213585427504,False
2022-03-15,8,1.6,4.5,3.170833333333333,0.9511910916075819,24,3.0769444444444445,0.16618879905462017,0.5649531702676943,False
2022-03-15,9,1.7,4.5,3.470833333333333,0.8243464693011521,24,3.0769444444444445,0.16618879905462017,2.3701289805905144,True
2022-03-15,10,1.7,4.3,3.025,0.8689073598491382,24,3.0769444444444445,0.16618879905462017,-0.3125628486392295,False
2022-03-15,11,1.5,4.0,2.7708333333333335,0.7572715133474494,24,3.0769444444444445,0.16618879905462017,-1.841947910162727,False
2022-03-15,12,1.5,4.3,2.8625000000000003,0.798265783351363,24,3.0769444444444445,0.16618879905462017,-1.2903664125640872,False
2022-03-15,13,1.6,4.5,3.170833333333333,0.9406192070937225,24,3.0769444444444445,0.16618879905462017,0.5649531702676943,False
2022-03-15,14,1.8,4.5,3.1791666666666667,0.8464653703421101,24,3.0769444444444445,0.16618879905462017,0.615096942776664,False
2022-03-15,15,1.6,4.5,3.1666666666666665,0.9229756540510777,24,3.0769444444444445,0.16618879905462017,0.5398812840132121,False
2022-03-16,1,1.6,4.4,2.9791666666666665,0.8256639840109012,24,3.063611111111111,0.12628767969334143,-0.6686673209096635,False
2022-03-16,2,1.9,4.3,3.0625,0.6439095939783716,24,3.063611111111111,0.12628767969334143,-0.008798254222493444,False
2022-03-16,3,1.8,4.3,2.904166666666667,0.7030858483463646,24,3.063611111111111,0.12628767969334143,-1.2625494809281133,False
2022-03-16,4,1.6,4.4,2.8708333333333336,0.8142636933566673,24,3.063611111111111,0.12628767969334143,-1.5264971076029799,False
2022-03-16,5,1.8,4.3,3.0833333333333335,0.7833410422069029,24,3.063611111111111,0.12628767969334143,0.15616901244929995,False
2022-03-16,6,1.6,4.5,2.875,0.8837912403513284,24,3.063611111111111,0.12628767969334143,-1.4935036542686233,False
2022-03-16,7,1.6,4.5,3.1333333333333333,1.0378349817169212,24,3.063611111111111,0.12628767969334143,0.5520904524615998,False
2022-03-16,8,2.2,4.5,3.2375000000000003,0.8009844486358781,24,3.063611111111111,0.12628767969334143,1.3769267858205632,False
2022-03-16,9,1.7,4.0,2.9791666666666665,0.617131630428519,24,3.063611111111111,0.12628767969334143,-0.6686673209096635,False
2022-03-16,10,1.5,4.5,3.0625,0.8499680300893162,24,3.063611111111111,0.12628767969334143,-0.008798254222493444,False
2022-03-16,11,1.5,4.4,3.220833333333333,0.9064882870135464,24,3.063611111111111,0.12628767969334143,1.2449529724831265,False
2022-03-16,12,1.6,4.3,3.1833333333333336,0.8427009716003843,24,3.063611111111111,0.12628767969334143,0.9480118924739033,False
2022-03-16,13,1.7,4.4,3.0833333333333335,0.9328155913878324,24,3.063611111111111,0.12628767969334143,0.15616901244929995,False
2022-03-16,14,1.6,4.5,3.25,0.926892892832073,24,3.063611111111111,0.12628767969334143,1.4759071458236366,False
2022-03-16,15,1.5,4.4,3.029166666666667,0.8290797237936752,24,3.063611111111111,0.12628767969334143,-0.27274588089736007,False
2022-03-17,1,1.6,4.4,3.0208333333333335,0.8382067642951501,24,2.9438888888888886,0.17119493282937737,0.449455151345701,False
2022-03-17,2,1.5,4.5,2.875,1.0001086897454434,24,2.9438888888888886,0.17119493282937737,-0.4024002799051719,False
2022-03-17,3,1.5,4.4,3.25,0.8387361091961915,24,2.9438888888888886,0.17119493282937737,1.7880851147399277,False
2022-03-17,4,1.8,4.5,2.9875000000000003,0.8093542783145629,24,2.9438888888888886,0.17119493282937737,0.2547453384883595,False
2022-03-17,5,1.6,4.4,2.9125,0.9373007034541542,24,2.9438888888888886,0.17119493282937737,-0.18335174044066144,False
2022-03-17,6,1.5,4.4,2.6666666666666665,0.9933109617167561,24,2.9438888888888886,0.17119493282937737,-1.6193366102635613,False
2022-03-17,7,1.6,4.4,2.891666666666667,0.8702406796856317,24,2.9438888888888886,0.17119493282937737,-0.30504537347649857,False
2022-03-17,8,1.6,4.3,2.720833333333333,0.6672325496873777,24,2.9438888888888886,0.17119493282937737,-1.3029331643703803,False
2022-03-17,9,1.5,4.5,3.2416666666666667,0.8963290674196889,24,2.9438888888888886,0.17119493282937737,1.7394076615255922,False
2022-03-17,10,1.6,4.3,2.7416666666666667,0.8571523463932978,24,2.9438888888888886,0.17119493282937737,-1.1812395313345405,False
2022-03-17,11,1.6,4.4,2.975,0.8414531943375517,24,2.9438888888888886,0.17119493282937737,0.18172915866685518,False
2022-03-17,12,1.7,4.4,3.025,0.7908443479020987,24,2.9438888888888886,0.17119493282937737,0.4737938779528674,False
2022-03-17,13,1.6,4.4,2.9250000000000003,0.938662322947789,24,2.9438888888888886,0.17119493282937737,-0.11033556061915707,False
2022-03-17,14,1.5,4.4,2.829166666666667,0.8078307865575222,24,2.9438888888888886,0.17119493282937737,-0.6701262725840151,False
2022-03-17,15,1.5,4.4,3.095833333333333,0.8013462404612935,24,2.9438888888888886,0.17119493282937737,0.8875522302747194,False
2022-03-18,1,1.6,4.5,3.1041666666666665,0.9119873982094016,24,3.004722222222222,0.13422198898854948,0.7408953271652686,False
2022-03-18,2,1.5,4.3,2.7375000000000003,0.831349086935101,24,3.004722222222222,0.13422198898854948,-1.9908974992541544,False
2022-03-18,3,1.5,4.5,2.8958333333333335,0.9308617637374551,24,3.004722222222222,0.13422198898854948,-0.8112596878457667,False
2022-03-18,4,1.6,4.5,2.954166666666667,0.9753390343280933,24,3.004722222222222,0.13422198898854948,-0.37665628364267445,False
2022-03-18,5,1.5,4.2,2.908333333333333,0.8672378274010899,24,3.004722222222222,0.13422198898854948,-0.7181303869451064,False
2022-03-18,6,1.5,4.3,3.095833333333333,0.8725171814262788,24,3.004722222222222,0.13422198898854948,0.6788091265648273,False
2022-03-18,7,1.6,4.4,3.0208333333333335,0.856676676194836,24,3.004722222222222,0.13422198898854948,0.12003332116085579,False
2022-03-18,8,1.5,4.4,2.9166666666666665,1.0327955589886444,24,3.004722222222222,0.13422198898854948,-0.6560441863446652,False
2022-03-18,9,1.6,4.5,2.9291666666666667,0.8477485100145468,24,3.004722222222222,0.13422198898854948,-0.5629148854440016,False
2022-03-18,10,1.9,4.3,3.141666666666667,0.7734264061933115,24,3.004722222222222,0.13422198898854948,1.0202832298672593,False
2022-03-18,11,1.7,4.5,3.0124999999999997,0.8867686821557095,24,3.004722222222222,0.13422198898854948,0.0579471205604112,False
2022-03-18,12,1.8,4.4,3.0541666666666667,0.8282927263834388,24,3.004722222222222,0.13422198898854948,0.3683781235626209,False
2022-03-18,13,1.6,4.5,2.904166666666667,0.8629973886134439,24,3.004722222222222,0.13422198898854948,-0.7491734872453255,False
2022-03-18,14,1.6,4.5,3.1,0.8692825627568077,24,3.004722222222222,0.13422198898854948,0.7098522268650497,False
2022-03-18,15,1.7,4.4,3.295833333333333,0.8322202711482972,24,3.004722222222222,0.13422198898854948,2.1688779409754213,True
2022-03-19,1,1.8,4.5,3.125,0.8247529274299958,24,3.0219444444444443,0.2396646687335316,0.42999894853144505,False
2022-03-19,2,1.5,4.4,2.7875,0.9887684478573642,24,3.0219444444444443,0.2396646687335316,-0.9782186322386492,False
2022-03-19,3,1.8,4.5,3.1291666666666664,0.8759983952073185,24,3.0219444444444443,0.2396646687335316,0.4473843507631736,False
2022-03-19,4,1.5,4.4,2.7583333333333333,0.955495167173939,24,3.0219444444444443,0.2396646687335316,-1.0999164478607566,False
2022-03-19,5,2.1,4.5,3.2416666666666667,0.7873547715178235,24,3.0219444444444443,0.2396646687335316,0.9167902110198729,False
2022-03-19,6,1.6,4.1,2.65,0.8350995775042794,24,3.0219444444444443,0.2396646687335316,-1.5519369058857255,False
2022-03-19,7,1.5,4.5,3.25,0.9609777629422883,24,3.0219444444444443,0.2396646687335316,0.9515610154833319,False
2022-03-19,8,1.5,4.5,2.845833333333333,0.9491319451347965,24,3.0219444444444443,0.2396646687335316,-0.7348230009944362,False
2022-03-19,9,2.1,4.4,3.279166666666667,0.6852350702126061,24,3.0219444444444443,0.2396646687335316,1.0732588311054394,False
2022-03-19,10,1.5,4.4,3.1875,0.945613442485192,24,3.0219444444444443,0.2396646687335316,0.6907799820073884,False
2022-03-19,11,1.6,4.2,2.7916666666666665,0.699015871354719,24,3.0219444444444443,0.2396646687335316,-0.9608332300069207,False
2022-03-19,12,1.6,4.5,3.3874999999999997,0.8289923165322854,24,3.0219444444444443,0.2396646687335316,1.5252792891304063,False
2022-03-19,13,1.7,4.5,3.0583333333333336,0.8821498771734322,24,3.0219444444444443,0.2396646687335316,0.15183251282377302,False
2022-03-19,14,1.5,4.5,3.125,0.840936331147298,24,3.0219444444444443,0.2396646687335316,0.42999894853144505,False
2022-03-19,15,1.5,4.3,2.7125,0.7176728696461132,24,3.0219444444444443,0.2396646687335316,-1.291155872409782,False
2022-03-20,1,1.6,3.8,2.716666666666667,0.6824932977321281,24,2.9766666666666666,0.23442982163078405,-1.1090739147064983,False
2022-03-20,2,1.7,4.5,2.7125,0.9335823943051419,24,2.9766666666666666,0.23442982163078405,-1.126847535134488,False
2022-03-20,3,1.7,4.5,2.9583333333333335,0.921679311704016,24,2.9766666666666666,0.23442982163078405,-0.07820392988314954,False
2022-03-20,4,1.6,4.2,2.504166666666667,0.75841893130533,24,2.9766666666666666,0.23442982163078405,-2.015528556533925,True
2022-03-20,5,1.7,4.4,3.233333333333333,0.8765875866685824,24,2.9766666666666666,0.23442982163078405,1.0948550183641068,False
2022-03-20,6,1.6,4.4,2.6999999999999997,0.8288284030721501,24,2.9766666666666666,0.23442982163078405,-1.180168396418455,False
2022-03-20,7,1.8,4.5,3.0041666666666664,0.8343074017289493,24,2.9766666666666666,0.23442982163078405,0.11730589482472527,False
2022-03-20,8,1.6,4.4,3.125,0.9171079306830462,24,2.9766666666666666,0.23442982163078405,0.6327408872364005,False
2022-03-20,9,1.5,4.5,2.891666666666667,1.0721439985483239,24,2.9766666666666666,0.23442982163078405,-0.3625818567309688,False
2022-03-20,10,1.6,4.3,3.0541666666666667,0.8319590116715181,24,2.9766666666666666,0.23442982163078405,0.33058933996059164,False
2022-03-20,11,2.1,4.5,3.3541666666666665,0.7779455478131607,24,2.9766666666666666,0.23442982163078405,1.6102900107757823,False
2022-03-20,12,1.6,4.4,3.1166666666666667,0.8175608828102341,24,2.9766666666666666,0.23442982163078405,0.5971936463804232,False
2022-03-20,13,1.6,4.5,3.1291666666666664,0.9359854916502233,24,2.9766666666666666,0.23442982163078405,0.6505145076643883,False
2022-03-20,14,1.6,4.4,3.1875,0.8205578696175574,24,2.9766666666666666,0.23442982163078405,0.8993451936562321,False
2022-03-20,15,1.6,4.5,2.9625,0.9300829790003078,24,2.9766666666666666,0.23442982163078405,-0.06043030945516179,False
2022-03-21,1,1.7,4.4,3.15,0.7745966692414834,24,3.0119444444444445,0.19647732680156765,0.7026538776913666,False
2022-03-21,2,1.7,4.4,3.158333333333333,0.9016490528430415,24,3.0119444444444445,0.19647732680156765,0.7450675926425556,False
2022-03-21,3,1.5,4.4,3.341666666666667,0.8581662282811638,24,3.0119444444444445,0.19647732680156765,1.6781693215687188,False
2022-03-21,4,1.6,4.5,2.9499999999999997,0.8782393454099441,24,3.0119444444444445,0.19647732680156765,-0.31527528113717473,False
2022-03-21,5,1.6,4.2,2.720833333333333,0.8086376985623609,24,3.0119444444444445,0.19647732680156765,-1.4816524422948765,False
2022-03-21,6,1.6,4.3,2.8375,0.8894612438705948,24,3.0119444444444445,0.19647732680156765,-0.8878604329782278,False
2022-03-21,7,1.6,4.4,2.9875000000000003,0.8352622602980818,24,3.0119444444444445,0.19647732680156765,-0.12441356385682072,False
2022-03-21,8,1.5,4.1,2.7875,0.8614005279573592,24,3.0119444444444445,0.19647732680156765,-1.142342722685362,False
2022-03-21,9,1.5,4.3,2.795833333333333,0.842088070715041,24,3.0119444444444445,0.19647732680156765,-1.0999290077341752,False
2022-03-21,10,1.6,4.3,2.8083333333333336,0.8556292709318459,24,3.0119444444444445,0.19647732680156765,-1.0363084353073884,False
2022-03-21,11,1.5,4.5,3.0375,0.9426200765396694,24,3.0119444444444445,0.19647732680156765,0.13006872585031348,False
2022-03-21,12,1.5,4.5,3.1833333333333336,0.9068179754392335,24,3.0119444444444445,0.19647732680156765,0.8723087374961249,False
2022-03-21,13,1.5,4.5,3.0375,0.868688416647414,24,3.0119444444444445,0.19647732680156765,0.13006872585031348,False
2022-03-21,14,1.6,4.5,3.329166666666667,0.9396942919475677,24,3.0119444444444445,0.19647732680156765,1.6145487491419364,False
2022-03-21,15,1.5,4.3,3.0541666666666667,0.8464653703421101,24,3.0119444444444445,0.19647732680156765,0.21489615575269155,False
2022-03-22,1,1.6,4.2,2.8125,0.8456088621969894,24,2.955,0.178474576909919,-0.798433045575582,False
2022-03-22,2,1.6,4.5,2.920833333333333,0.7835144718103373,24,2.955,0.178474576909919,-0.1914371629742648,False
2022-03-22,3,1.6,4.5,2.983333333333333,0.9257977366981204,24,2.955,0.178474576909919,0.15875276929572713,False
2022-03-22,4,1.9,4.5,3.2125,0.8614005279573592,24,2.955,0.178474576909919,1.442782520952366,False
2022-03-22,5,1.8,4.4,2.829166666666667,0.8705216660224446,24,2.955,0.178474576909919,-0.7050490636369153,False
2022-03-22,6,1.7,4.3,3.1666666666666665,0.7446427019874621,24,2.955,0.178474576909919,1.1859765706210381,False
2022-03-22,7,1.5,4.3,3.1333333333333333,0.8726106092423578,24,2.955,0.178474576909919,0.9992086067437097,False
2022-03-22,8,1.6,4.4,2.8249999999999997,0.879846824613585,24,2.955,0.178474576909919,-0.7283950591215851,False
2022-03-22,9,1.5,4.4,2.9125,0.8247858747156347,24,2.955,0.178474576909919,-0.2381291539435944,False
2022-03-22,10,1.5,4.4,2.8958333333333335,0.9993385493574658,24,2.955,0.178474576909919,-0.3315131358822586,False
2022-03-22,11,1.5,4.5,2.5541666666666667,0.8807008901840706,24,2.955,0.178474576909919,-2.245884765624882,True
2022-03-22,12,1.6,4.4,3.1999999999999997,0.8816979666233931,24,2.955,0.178474576909919,1.3727445344983664,False
2022-03-22,13,1.6,4.4,3.0416666666666665,0.7983225166433112,24,2.955,0.178474576909919,0.48559670608105426,False
2022-03-22,14,1.9,4.5,2.841666666666667,0.7412777843853061,24,2.955,0.178474576909919,-0.6350110771829185,False
2022-03-22,15,1.6,4.5,2.9958333333333336,0.7285955320171558,24,2.955,0.178474576909919,0.22879075574972899,False
2022-03-23,1,1.7,4.4,3.225,0.8989123863096279,24,3.0369444444444444,0.20281297259261258,0.9272363259193487,False
2022-03-23,2,1.5,4.3,2.966666666666667,0.8286535263104036,24,3.0369444444444444,0.20281297259261258,-0.3465152000850734,False
2022-03-23,3,1.5,4.2,2.795833333333333,0.8384660770232988,24,3.0369444444444444,0.20281297259261258,-1.1888347576041294,False
2022-03-23,4,1.8,4.5,3.3166666666666664,0.7970961791657138,24,3.0369444444444444,0.20281297259261258,1.3792126738564001,False
2022-03-23,5,1.6,4.5,2.9333333333333336,0.963538165876915,24,3.0369444444444444,0.20281297259261258,-0.5108702356985467,False
2022-03-23,6,1.5,4.5,3.2916666666666665,0.927322778881164,24,3.0369444444444444,0.20281297259261258,1.2559463971462952,False
2022-03-23,7,1.5,4.4,2.704166666666667,0.8720187306856814,24,3.0369444444444444,0.20281297259261258,-1.6408111055411785,False
2022-03-23,8,1.6,4.5,3.1750000000000003,0.9705444460400207,24,3.0369444444444444,0.20281297259261258,0.6807037724991388,False
2022-03-23,9,1.5,4.1,2.6875,0.8034233818073647,24,3.0369444444444444,0.20281297259261258,-1.7229886233479175,False
2022-03-23,10,1.8,4.5,3.0666666666666664,0.9827497654282477,24,3.0369444444444444,0.20281297259261258,0.14654990675534632,False
2022-03-23,11,1.7,4.5,3.016666666666667,0.7949113522720724,24,3.0369444444444444,0.20281297259261258,-0.09998264666486137,False
2022-03-23,12,1.5,4.4,3.0041666666666664,0.9195836329399381,24,3.0369444444444444,0.20281297259261258,-0.1616157850199171,False
2022-03-23,13,1.6,4.4,3.266666666666666,0.9253279872877351,24,3.0369444444444444,0.20281297259261258,1.132680120436188,False
2022-03-23,14,1.5,4.5,2.9625000000000004,1.0420767308809262,24,3.0369444444444444,0.20281297259261258,-0.3670595795367565,False
2022-03-23,15,1.6,4.4,3.141666666666667,0.8677390244150331,24,3.0369444444444444,0.20281297259261258,0.5163487368856655,False
2022-03-24,1,1.6,4.3,2.9791666666666665,0.8298659748609314,24,3.0402777777777774,0.19234266572500522,-0.3177199966568116,False
2022-03-24,2,1.6,4.4,3.158333333333333,0.8474599729763651,24,3.0402777777777774,0.19234266572500522,0.6137772662688441,False
2022-03-24,3,1.9,4.4,3.158333333333333,0.8360968670043518,24,3.0402777777777774,0.19234266572500522,0.6137772662688441,False
2022-03-24,4,1.6,4.5,3.025,0.9763507922694677,24,3.0402777777777774,0.19234266572500522,-0.07942999916420175,False
2022-03-24,5,1.5,4.3,3.2083333333333335,0.857152346393298,24,3.0402777777777774,0.19234266572500522,0.8737299908062377,False
2022-03-24,6,1.6,4.5,3.25,0.8256749544674239,24,3.0402777777777774,0.19234266572500522,1.090357261254064,False
2022-03-24,7,1.5,4.4,2.75,0.9217186215930024,24,3.0402777777777774,0.19234266572500522,-1.5091699841198587,False
2022-03-24,8,1.5,4.3,2.9,0.877248663373906,24,3.0402777777777774,0.19234266572500522,-0.7293118105076823,False
2022-03-24,9,1.5,4.5,2.795833333333333,0.9611945315784062,24,3.0402777777777774,0.19234266572500522,-1.270879986627251,False
2022-03-24,10,1.5,4.4,3.1625,0.8656801799238815,24,3.0402777777777774,0.19234266572500522,0.6354399933136279,False
2022-03-24,11,1.8,4.3,3.154166666666667,0.8272422318432054,24,3.0402777777777774,0.19234266572500522,0.5921145392240627,False
2022-03-24,12,1.6,4.4,3.170833333333333,0.8280302276916071,24,3.0402777777777774,0.19234266572500522,0.6787654474031908,False
2022-03-24,13,1.6,4.0,2.6625,0.7977209384566596,24,3.0402777777777774,0.19234266572500522,-1.9640872520602948,False
2022-03-24,14,1.7,4.4,3.275,0.9354143466934854,24,3.0402777777777774,0.19234266572500522,1.2203336235227595,False
2022-03-24,15,1.8,4.4,2.954166666666667,0.9036059003727266,24,3.0402777777777774,0.19234266572500522,-0.44769635892550497,False
2022-03-25,1,1.5,4.4,3.066666666666667,0.8646017764751921,24,3.065,0.1746226089472826,0.009544392199351933,False
2022-03-25,2,1.6,4.3,2.725,0.7957768968531427,24,3.065,0.1746226089472826,-1.9470560086674893,False
2022-03-25,3,1.8,4.5,3.0375,0.8601377543868999,24,3.065,0.1746226089472826,-0.15748247128928147,False
2022-03-25,4,1.7,4.3,3.2708333333333335,0.7664027586105083,24,3.065,0.1746226089472826,1.1787324366197807,False
2022-03-25,5,1.9,4.5,3.158333333333333,0.9591285295683182,24,3.065,0.1746226089472826,0.5344859631636244,False
2022-03-25,6,1.7,4.4,3.079166666666667,0.8816876932371218,24,3.065,0.1746226089472826,0.08112733369448126,False
2022-03-25,7,1.9,4.4,3.225,0.8679060257684684,24,3.065,0.1746226089472826,0.9162616511376432,False
2022-03-25,8,1.5,4.2,3.0041666666666664,0.8147974763928959,24,3.065,0.1746226089472826,-0.3483703152762922,False
2022-03-25,9,1.6,4.4,3.2375000000000003,0.8996678130916119,24,3.065,0.1746226089472826,0.9878445926327726,False
2022-03-25,10,1.5,4.5,3.141666666666667,0.9925446728164088,24,3.065,0.1746226089472826,0.4390420411701228,False
2022-03-25,11,1.5,4.2,2.7416666666666667,0.9810893088216067,24,3.065,0.1746226089472826,-1.8516120866739851,False
2022-03-25,12,1.7,4.5,3.2291666666666665,1.0272289303569673,24,3.065,0.1746226089472826,0.940122631636018,False
2022-03-25,13,1.5,4.4,2.9416666666666664,0.7934057937922993,24,3.065,0.1746226089472826,-0.7062850227519337,False
2022-03-25,14,1.5,4.4,2.904166666666667,1.0092955643575792,24,3.065,0.1746226089472826,-0.9210338472373166,False
2022-03-25,15,1.6,4.4,3.2125,0.9133371680867343,24,3.065,0.1746226089472826,0.8446787096425139,False
2022-03-26,1,1.5,4.5,2.8166666666666664,0.8354465958352776,24,2.9777777777777774,0.21521760551792166,-0.7485963368256827,False
2022-03-26,2,1.5,4.5,2.9875000000000003,1.036009274761237,24,2.9777777777777774,0.21521760551792166,0.04517391687741486,False
2022-03-26,3,1.6,4.4,2.733333333333333,1.0076518837577686,24,2.9777777777777774,0.21521760551792166,-1.1358013386320713,False
2022-03-26,4,1.5,4.4,2.470833333333333,0.8400202723571703,24,2.9777777777777774,0.21521760551792166,-2.355497094322192,True
2022-03-26,5,1.6,4.1,2.9875000000000003,0.7848082014374457,24,2.9777777777777774,0.21521760551792166,0.04517391687741486,False
2022-03-26,6,1.7,4.5,3.0124999999999997,0.9506576670915772,24,2.9777777777777774,0.21521760551792166,0.16133541741932875,False
2022-03-26,7,1.6,4.3,3.204166666666666,0.8665168488121637,24,2.9777777777777774,0.21521760551792166,1.0519069215740198,False
2022-03-26,8,1.6,4.3,2.845833333333333,1.0138086461529576,24,2.9777777777777774,0.21521760551792166,-0.6130745861934463,False
2022-03-26,9,1.5,4.5,3.220833333333333,1.0133796947823168,24,2.9777777777777774,0.21521760551792166,1.129347921935299,False
2022-03-26,10,2.0,4.3,2.9166666666666665,0.7221144475512998,24,2.9777777777777774,0.21521760551792166,-0.2839503346580168,False
2022-03-26,11,1.6,4.5,3.3541666666666665,0.9735542979282115,24,2.9777777777777774,0.21521760551792166,1.7488759248255197,False
2022-03-26,12,1.6,4.5,3.0208333333333335,0.876742571244196,24,2.9777777777777774,0.21521760551792166,0.20005591759996946,False
2022-03-26,13,1.6,4.4,2.9416666666666664,0.8053714598902775,24,2.9777777777777774,0.21521760551792166,-0.16778883411610082,False
2022-03-26,14,1.7,4.4,3.0124999999999997,0.794717614600634,24,2.9777777777777774,0.21521760551792166,0.16133541741932875,False
2022-03-26,15,1.7,4.5,3.141666666666667,0.9779822469566198,24,2.9777777777777774,0.21521760551792166,0.761503170219233,False
2022-03-27,1,1.7,4.4,3.1,0.9221902095602055,24,3.027222222222222,0.13030286251205675,0.558527850998239,False
2022-03-27,2,1.5,4.4,3.2416666666666667,1.0312156889329454,24,3.027222222222222,0.13030286251205675,1.6457385533230509,False
2022-03-27,3,1.6,4.4,2.8375,0.8015270751346538,24,3.027222222222222,0.13030286251205675,-1.4560096268389144,False
2022-03-27,4,1.6,4.5,2.9499999999999997,0.8314471407287939,24,3.027222222222222,0.13030286251205675,-0.592636422051565,False
2022-03-27,5,1.6,4.5,3.0041666666666664,0.8730153475749718,24,3.027222222222222,0.13030286251205675,-0.1769382123391365,False
2022-03-27,6,1.6,4.5,3.1625,0.8786414909194861,24,3.027222222222222,0.13030286251205675,1.0381796314356562,False
2022-03-27,7,1.5,4.4,2.983333333333333,0.830749617836946,24,3.027222222222222,0.13030286251205675,-0.33682213915161,False
2022-03-27,8,1.6,4.1,2.954166666666667,0.682055184983091,24,3.027222222222222,0.13030286251205675,-0.5606596366890655,False
2022-03-27,9,1.5,4.3,3.2291666666666665,0.9191107075611856,24,3.027222222222222,0.13030286251205675,1.549808197235566,False
2022-03-27,10,1.5,4.4,3.2125,0.9076067430335675,24,3.027222222222222,0.13030286251205675,1.4219010557855885,False
2022-03-27,11,1.6,4.3,2.9458333333333333,0.9636791666482595,24,3.027222222222222,0.13030286251205675,-0.6246132074140576,False
2022-03-27,12,1.5,4.3,2.858333333333333,0.8821498771734321,24,3.027222222222222,0.13030286251205675,-1.2961257000264443,False
2022-03-27,13,1.5,4.5,2.970833333333333,0.9091224467520347,24,3.027222222222222,0.13030286251205675,-0.43275249523909143,False
2022-03-27,14,1.6,4.0,2.966666666666667,0.6098229726494522,24,3.027222222222222,0.13030286251205675,-0.4647292806015841,False
2022-03-27,15,1.6,4.5,2.9916666666666667,0.7884584115009914,24,3.027222222222222,0.13030286251205675,-0.2728685684266179,False
2022-03-28,1,1.6,4.5,3.0749999999999997,0.882806788650244,24,2.9752777777777775,0.1349002669033017,0.7392292432875947,False
2022-03-28,2,1.6,4.5,2.858333333333333,0.8139632865701364,24,2.9752777777777775,0.1349002669033017,-0.8668955749974301,False
2022-03-28,3,1.6,4.2,2.6875,0.8045049787723909,24,2.9752777777777775,0.1349002669033017,-2.133263220183696,True
2022-03-28,4,1.6,4.4,2.8375,0.9774912431499234,24,2.9752777777777775,0.1349002669033017,-1.0213306536786801,False
2022-03-28,5,1.6,4.5,3.0041666666666664,0.8975711993881125,24,2.9752777777777775,0.1349002669033017,0.21414997577133707,False
2022-03-28,6,1.5,4.3,2.9375,0.8176384339643362,24,2.9752777777777775,0.1349002669033017,-0.28004227600866854,False
2022-03-28,7,1.8,4.5,3.025,0.846090754716887,24,2.9752777777777775,0.1349002669033017,0.3685850544525905,False
2022-03-28,8,1.6,4.4,3.0749999999999997,0.8357501186775657,24,2.9752777777777775,0.1349002669033017,0.7392292432875947,False
2022-03-28,9,1.6,4.2,2.8333333333333335,0.8233899528733356,24,2.9752777777777775,0.1349002669033017,-1.052217669414929,False
2022-03-28,10,1.5,4.5,3.233333333333333,0.9281429175306563,24,2.9752777777777775,0.1349002669033017,1.9129358412651112,False
2022-03-28,11,1.6,4.4,3.0208333333333335,0.8010749119107112,24,2.9752777777777775,0.1349002669033017,0.33769803871634174,False
2022-03-28,12,1.7,4.4,3.0375,0.7784111465308537,24,2.9752777777777775,0.1349002669033017,0.46124610166134317,False
2022-03-28,13,1.6,4.4,2.9458333333333333,0.8997483545132358,24,2.9752777777777775,0.1349002669033017,-0.21826824453616783,False
2022-03-28,14,1.5,4.2,2.9416666666666664,0.8702406796856317,24,2.9752777777777775,0.1349002669033017,-0.24915526027241983,False
2022-03-28,15,1.7,4.3,3.1166666666666667,0.8726106092423578,24,2.9752777777777775,0.1349002669033017,1.0480994006501014,False
2022-03-29,1,1.5,4.5,3.1291666666666664,0.8110536178419357,24,2.970833333333333,0.1970076241373769,0.803691400404507,False
2022-03-29,2,1.5,4.3,3.0416666666666665,0.8069893952574413,24,2.970833333333333,0.1970076241373769,0.35954615281254276,False
2022-03-29,3,1.7,4.4,2.904166666666667,0.8002603742949331,24,2.970833333333333,0.1970076241373769,-0.3383963791176862,False
2022-03-29,4,1.6,4.2,2.8249999999999997,0.8044712008788619,24,2.970833333333333,0.1970076241373769,-0.740242079319942,False
2022-03-29,5,1.6,4.3,3.233333333333333,0.8539762071151867,24,2.970833333333333,0.1970076241373769,1.3324357427758928,False
2022-03-29,6,1.6,4.5,2.9125,0.9270394672898472,24,2.970833333333333,0.1970076241373769,-0.29609683172797546,False
2022-03-29,7,1.5,4.4,3.0083333333333333,0.7210600087592461,24,2.970833333333333,0.1970076241373769,0.19034796325369963,False
2022-03-29,8,1.5,4.4,2.875,0.9437437013898653,24,2.970833333333333,0.1970076241373769,-0.4864447949816751,False
2022-03-29,9,1.6,4.1,2.5749999999999997,0.7490573786578295,24,2.970833333333333,0.1970076241373769,-2.00922850101127,True
2022-03-29,10,1.6,4.4,3.216666666666667,0.78555804958982,24,2.970833333333333,0.1970076241373769,1.2478366479964735,False
2022-03-29,11,1.5,4.4,2.7541666666666664,0.9541575690978229,24,2.970833333333333,0.1970076241373769,-1.0997882321324848,False
2022-03-29,12,1.7,4.3,3.1916666666666664,0.8515544184232925,24,2.970833333333333,0.1970076241373769,1.120938005827339,False
2022-03-29,13,1.7,4.5,2.8041666666666667,0.9024021886858029,24,2.970833333333333,0.1970076241373769,-0.8459909477942178,False
2022-03-29,14,1.6,4.5,2.8833333333333333,0.8760914517811813,24,2.970833333333333,0.1970076241373769,-0.44414524759196433,False
2022-03-29,15,1.6,4.5,3.2083333333333335,0.8551209762705922,24,2.970833333333333,0.1970076241373769,1.2055371006067628,False
2022-03-30,1,1.5,4.4,3.0500000000000003,0.9031346377551042,24,3.013888888888889,0.14564330022170904,0.24794213709892876,False
2022-03-30,2,1.7,4.4,3.0500000000000003,0.9564426844801794,24,3.013888888888889,0.14564330022170904,0.24794213709892876,False
2022-03-30,3,1.6,4.5,2.7875,0.8950649721376802,24,3.013888888888889,0.14564330022170904,-1.5544064748894235,False
2022-03-30,4,1.6,4.4,3.108333333333333,0.9431292348470535,24,3.013888888888889,0.14564330022170904,0.6484640508741134,False
2022-03-30,5,1.5,4.5,2.9916666666666667,0.9491033144232905,24,3.013888888888889,0.14564330022170904,-0.152579776676262,False
2022-03-30,6,1.6,4.5,2.954166666666667,1.0529375747079615,24,3.013888888888889,0.14564330022170904,-0.41005814981745253,False
2022-03-30,7,1.8,4.4,3.2541666666666664,0.7678197063434067,24,3.013888888888889,0.14564330022170904,1.6497688353120872,False
2022-03-30,8,1.6,4.4,3.0625,0.850990471514632,24,3.013888888888889,0.14564330022170904,0.3337682614793246,False
2022-03-30,9,1.5,4.2,2.829166666666667,0.7731804259126668,24,3.013888888888889,0.14564330022170904,-1.2683193936214292,False
2022-03-30,10,1.7,4.4,3.025,0.9104466175884564,24,3.013888888888889,0.14564330022170904,0.076289888338131,False
2022-03-30,11,1.7,4.3,3.1625,0.949513605461513,24,3.013888888888889,0.14564330022170904,1.0203772565225067,False
2022-03-30,12,1.8,4.5,3.2416666666666667,0.8366167200288817,24,3.013888888888889,0.14564330022170904,1.5639427109316915,False
2022-03-30,13,1.7,4.5,3.0041666666666664,0.8779814629451821,24,3.013888888888889,0.14564330022170904,-0.06675365229586615,False
2022-03-30,14,1.5,4.4,2.8874999999999997,0.9483681636964854,24,3.013888888888889,0.14564330022170904,-0.8677974798462446,False
2022-03-30,15,1.5,4.3,2.8000000000000003,0.9550779617620114,24,3.013888888888889,0.14564330022170904,-1.4685803505090247,False
2022-03-31,1,1.6,4.3,2.9583333333333335,0.7706105240068714,24,3.020555555555555,0.22643647858942434,-0.2747888618027988,False
2022-03-31,2,1.6,4.4,3.2291666666666665,0.7123013325874079,24,3.020555555555555,0.22643647858942434,0.9212787286334987,False
2022-03-31,3,1.5,4.3,2.8791666666666664,0.9623247064165559,24,3.020555555555555,0.22643647858942434,-0.6244086190072571,False
2022-03-31,4,1.7,4.4,3.033333333333333,0.8937788203521859,24,3.020555555555555,0.22643647858942434,0.05642985554879046,False
2022-03-31,5,1.5,4.2,2.9375,0.8641721346241557,24,3.020555555555555,0.22643647858942434,-0.36679406106713014,False
2022-03-31,6,1.6,4.0,2.733333333333333,0.7316845760575931,24,3.020555555555555,0.22643647858942434,-1.2684450138575725,False
2022-03-31,7,1.6,4.3,2.766666666666667,0.792171844920064,24,3.020555555555555,0.22643647858942434,-1.12123669503464,False
2022-03-31,8,1.7,4.4,3.3958333333333335,0.9630021746630676,24,3.020555555555555,0.22643647858942434,1.6573203227481454,False
2022-03-31,9,1.6,4.3,3.275,0.7484767139359433,24,3.020555555555555,0.22643647858942434,1.1236901670150266,False
2022-03-31,10,1.6,4.3,2.704166666666667,0.7686686212376318,24,3.020555555555555,0.22643647858942434,-1.397252292827632,False
2022-03-31,11,1.5,4.3,2.8874999999999997,0.9483681636964851,24,3.020555555555555,0.22643647858942434,-0.587606539301525,False
2022-03-31,12,1.6,4.4,2.983333333333333,0.95810803905027,24,3.020555555555555,0.22643647858942434,-0.16438262268560436,False
2022-03-31,13,1.6,4.5,3.3041666666666667,0.9901599197436072,24,3.020555555555555,0.22643647858942434,1.25249744598509,False
2022-03-31,14,1.6,4.3,3.3041666666666667,0.8492857186389383,24,3.020555555555555,0.22643647858942434,1.25249744598509,False
2022-03-31,15,1.7,4.4,2.9166666666666665,0.8207455076976036,24,3.020555555555555,0.22643647858942434,-0.45879926033146146,False
